JUDUL,HARGA,KATEGORI,KONDISI,KETERANGAN,LOKASI,Photo_1,Photo_2,Photo_3,Photo_4,Photo_5,Photo_6,Photo_7,Photo_8,Photo_9,Photo_10
Promo Hanger Baju Modell Suling,15000,Mebel,Baru,"[COD] BAYAR DITEMPAT
Hanger Suling / Gantungan Baju / Cantolan
Panjang 30cm
9 titik Paku
Pemasangan Tempel 
Info Pemesanan",Malang,D:\Gambar\Gantungan\13.jpg,,,,,,,,,
Promo Hanger Baju Modell Suling,15000,Peralatan rumah tangga,Baru,"[COD] BAYAR DITEMPAT
Hanger Suling / Gantungan Baju / Cantolan
Panjang 30cm
9 titik Paku
Pemasangan Tempel 
Info Pemesanan",Singosari,D:\Gambar\Gantungan\1.jpg,,,,,,,,,
Promo Hanger Baju Modell Suling,15000,Perkakas,Baru,"[COD] BAYAR DITEMPAT
Hanger Suling / Gantungan Baju / Cantolan
Panjang 30cm
9 titik Paku
Pemasangan Tempel 
Info Pemesanan",Lawang,D:\Gambar\Gantungan\2.jpg,,,,,,,,,
Promo Hanger Baju Modell Suling,15000,Peralatan,Baru,"[COD] BAYAR DITEMPAT
Hanger Suling / Gantungan Baju / Cantolan
Panjang 30cm
9 titik Paku
Pemasangan Tempel 
Info Pemesanan",Batu,D:\Gambar\Gantungan\3.jpg,,,,,,,,,
Promo Hanger Baju Modell Suling,15000,Kebun,Baru,"[COD] BAYAR DITEMPAT
Hanger Suling / Gantungan Baju / Cantolan
Panjang 30cm
9 titik Paku
Pemasangan Tempel 
Info Pemesanan",Malang,D:\Gambar\Gantungan\4.jpg,,,,,,,,,
Promo Hanger Baju Modell Suling,15000,Mebel,Baru,"[COD] BAYAR DITEMPAT
Hanger Suling / Gantungan Baju / Cantolan
Panjang 30cm
9 titik Paku
Pemasangan Tempel 
Info Pemesanan",Malang,D:\Gambar\Gantungan\6.jpg,,,,,,,,,
Promo Hanger Baju Modell Suling,15000,Peralatan rumah tangga,Baru,"[COD] BAYAR DITEMPAT
Hanger Suling / Gantungan Baju / Cantolan
Panjang 30cm
9 titik Paku
Pemasangan Tempel 
Info Pemesanan",Singosari,D:\Gambar\Gantungan\9.jpg,,,,,,,,,
Promo Hanger Baju Modell Suling,15000,Perkakas,Baru,"[COD] BAYAR DITEMPAT
Hanger Suling / Gantungan Baju / Cantolan
Panjang 30cm
9 titik Paku
Pemasangan Tempel 
Info Pemesanan",Lawang,D:\Gambar\Gantungan\10.jpg,,,,,,,,,
Promo Hanger Baju Modell Suling,15000,Peralatan,Baru,"[COD] BAYAR DITEMPAT
Hanger Suling / Gantungan Baju / Cantolan
Panjang 30cm
9 titik Paku
Pemasangan Tempel 
Info Pemesanan",Batu,D:\Gambar\Gantungan\11.jpg,,,,,,,,,
Promo Hanger Baju Modell Suling,15000,Kebun,Baru,"[COD] BAYAR DITEMPAT
Hanger Suling / Gantungan Baju / Cantolan
Panjang 30cm
9 titik Paku
Pemasangan Tempel 
Info Pemesanan",Malang,D:\Gambar\Gantungan\12.jpg,,,,,,,,,
