JUAL/SEWA PROPERTY,Jenis,KT,KM,HARGA,Alamat,LUAS,KETERANGAN,PHOTO_1,PHOTO_2,PHOTO_3,PHOTO_4,PHOTO_5,PHOTO_6,PHOTO_7,PHOTO_8,PHOTO_9,PHOTO_10
Dijual,Rumah,3,1,123,"Jalan Terusan Surabaya, Malang Kota 65112, Indonesia",60,Keterangan,D:\Gambar\Property\4.jpg,,,,,,,,,
Dijual,Rumah,3,1,123,"Jalan Terusan Surabaya, Malang Kota 65112, Indonesia",60,Keterangan,D:\Gambar\Property\5.jpg,,,,,,,,,
Dijual,Rumah,3,1,123,"Jalan Terusan Surabaya, Malang Kota 65112, Indonesia",60,Keterangan,D:\Gambar\Property\1.jpg,,,,,,,,,
Dijual,Rumah,3,1,123,"Jalan Terusan Surabaya, Malang Kota 65112, Indonesia",60,Keterangan,D:\Gambar\Property\2.jpg,,,,,,,,,
Dijual,Rumah,3,1,123,"Jalan Terusan Surabaya, Malang Kota 65112, Indonesia",60,Keterangan,D:\Gambar\Property\3.jpg,,,,,,,,,
